,w1,w2,mu,stdev,model
0,-0.7183661063243163,0.28163389367568376,-4.702598662898657,0.0023862718406849528,2
