,w1,w2,mu,stdev,model
0,-0.9567184534486866,0.043281546551313416,-7.398251640930709,0.00156710059519515,3
