,w1,w2,mu,stdev,model
0,-0.3074116902913607,0.6925883097086394,0.0,0.03500768415316518,1
