,w1,w2,mu,stdev,model
0,-0.763890139675525,0.23610986032447506,-5.211325416882796,0.0026509831428436098,3
