,w1,w2,mu,stdev,model
0,-0.7785244920200765,0.2214755079799234,-5.37508086678633,0.0028715408132442078,2
