,w1,w2,mu,stdev,model
0,-0.7879508094067493,0.21204919059325067,-5.480543493947802,0.003126313438606043,2
