,w1,w2,mu,stdev,model
0,-0.7751174616530598,0.22488253834694016,-5.337310644577319,0.0028118284890141978,3
