,w1,w2,mu,stdev,model
0,-0.788492958954856,0.21150704104514398,-5.4864693991488815,0.0030324911598699923,2
