,w1,w2,mu,stdev,model
0,-0.9728118530389324,0.02718814696106763,-7.580584632574826,0.0014673360488726636,3
