,w1,w2,mu,stdev,model
0,0.8152328379688402,-0.18476716203115984,5.785248277514834,0.003314712426480218,2
