,w1,w2,mu,stdev,model
0,-0.6834398014372478,0.31656019856275225,-4.312018585712429,0.0020692733771291803,2
