,w1,w2,mu,stdev,model
0,-0.3004632211539596,0.6995367788460405,0.0,0.00865403081297346,1
