,w1,w2,mu,stdev,model
0,-0.5756670695538787,0.42433293044612125,-3.0839673679905224,0.0027427700661353635,2
