,w1,w2,mu,stdev,model
0,-0.830752819191285,0.16924718080871515,-5.971369461556679,0.0013836134346716965,3
