,w1,w2,mu,stdev,model
0,-0.6964712479336044,0.3035287520663957,-4.45762595832546,0.002197748021050809,2
