,w1,w2,mu,stdev,model
0,-0.7427686693131618,0.2572313306868383,-4.975201007214485,0.002494703301734298,3
