,w1,w2,mu,stdev,model
0,-0.7622952235064019,0.23770477649359817,-5.19401809261412,0.0026611095036425626,3
