,w1,w2,mu,stdev,model
0,-0.7039652041788922,0.29603479582110775,-4.535289065121431,0.0010838544568698314,3
