,w1,w2,mu,stdev,model
0,-0.7389757167729856,0.2610242832270144,-4.932758974402164,0.0024741796053888527,3
