,w1,w2,mu,stdev,model
0,-0.7766099283042674,0.2233900716957326,-5.3540122679315,0.002816186997290926,3
