,w1,w2,mu,stdev,model
0,-0.7265277420673614,0.2734722579326387,-4.793975577866887,0.0024974822442796634,2
