,w1,w2,mu,stdev,model
0,-0.6876743423914973,0.3123256576085027,-4.359331614158496,0.002117668641553684,2
