,w1,w2,mu,stdev,model
0,-0.7190607276835487,0.2809392723164514,-4.710283510548339,0.002422843306163087,2
