,w1,w2,mu,stdev,model
0,-0.7313507149455556,0.2686492850544444,-4.847423536108524,0.0024532533641008682,3
