,w1,w2,mu,stdev,model
0,-0.6838148334642693,0.31618516653573064,-4.3161944495353675,0.0020578333747287014,2
