,w1,w2,mu,stdev,model
0,-0.6729333294574388,0.32706667054256133,-4.19453810224865,0.0019942361131273746,2
