,w1,w2,mu,stdev,model
0,-0.7290138955132935,0.27098610448670657,-4.822063352438137,0.002515310507231313,2
