,w1,w2,mu,stdev,model
0,-0.7350598828995316,0.2649401171004684,-4.889143741575873,0.0024524475197617163,2
