,w1,w2,mu,stdev,model
0,-0.737444362509901,0.2625556374900991,-4.915863320682412,0.0024907967950913205,2
