,w1,w2,mu,stdev,model
0,-0.7362881860337918,0.2637118139662082,-4.902755798447675,0.002446429579380434,2
