,w1,w2,mu,stdev,model
0,-0.8153694761736511,0.18463052382634904,-5.797793653481551,0.0017336390440771217,3
