,w1,w2,mu,stdev,model
0,-0.7198724753014136,0.28012752469858637,-4.71948780454919,0.0024034800690006615,2
