,w1,w2,mu,stdev,model
0,-0.7589810884076004,0.2410189115923997,-5.164896238846079,0.0015908282565180916,2
