,w1,w2,mu,stdev,model
0,-0.7232404690228997,0.27675953097710027,-4.756896227219014,0.0024097396286065524,2
