,w1,w2,mu,stdev,model
0,-0.7843097702101431,0.2156902297898569,-5.439717098503656,0.0029179220998735767,2
