,w1,w2,mu,stdev,model
0,-0.7387305273201775,0.2612694726798224,-4.929853919507252,0.0024788135267393542,3
