,w1,w2,mu,stdev,model
0,-0.7354054457334097,0.26459455426659034,-4.892727476969691,0.0024420559967711034,3
