,w1,w2,mu,stdev,model
0,-0.8312522405050179,0.16874775949498214,-5.976995194301279,0.0013875125778897528,3
