,w1,w2,mu,stdev,model
0,-0.7359358514427821,0.264064148557218,-4.89863402793296,0.0024513009591577753,3
