,w1,w2,mu,stdev,model
0,-0.7249276395281139,0.2750723604718862,-4.77605794673667,0.002476578397122671,2
