,w1,w2,mu,stdev,model
0,-0.8123901466919915,0.18760985330800853,-5.764023886327952,0.0019041669959046624,3
