,w1,w2,mu,stdev,model
0,-0.7372866964574191,0.262713303542581,-4.913934198243481,0.002452594983538068,3
