,w1,w2,mu,stdev,model
0,-0.30044904469596406,0.6995509553040359,0.0,0.009473002376854922,1
