,w1,w2,mu,stdev,model
0,-0.7359692959412624,0.26403070405873774,-4.8989835483433275,0.0024602060008672745,3
