,w1,w2,mu,stdev,model
0,-0.29856419309256294,0.7014358069074371,0.0,0.004239820342585477,1
