,w1,w2,mu,stdev,model
0,-0.7361176440706363,0.2638823559293637,-4.900818092504393,0.002459926706078749,3
