,w1,w2,mu,stdev,model
0,-0.777986608533565,0.22201339146643495,-5.369461282907753,0.002845474846798196,3
