,w1,w2,mu,stdev,model
0,-0.8183696321771498,0.1816303678228503,-5.831238291446989,0.0014679672498973996,3
