,w1,w2,mu,stdev,model
0,-0.731522295960312,0.26847770403968796,-4.849545009774258,0.0023995287651851047,2
