,w1,w2,mu,stdev,model
0,-0.734627113860496,0.26537288613950416,-4.884155147555117,0.0024445146139125103,3
