,w1,w2,mu,stdev,model
0,-0.3004675841629472,0.6995324158370528,0.0,0.008872206567399267,1
