,w1,w2,mu,stdev,model
0,-0.7737321303196906,0.22626786968030937,-5.3218399318817635,0.002820173946170379,3
