,w1,w2,mu,stdev,model
0,-0.6987248984744646,0.3012751015255353,-4.482940157049033,0.0021771404637718826,2
