,w1,w2,mu,stdev,model
0,-0.7139919641905087,0.28600803580949125,-4.653689400630366,0.0023325987581337055,2
