,w1,w2,mu,stdev,model
0,-0.7369071442463299,0.26309285575367014,-4.909755381756989,0.00245301676974457,2
