,w1,w2,mu,stdev,model
0,-0.6009192105751249,0.39908078942487507,-3.366244817210501,0.002175946700136143,2
