,w1,w2,mu,stdev,model
0,-0.7285612951347619,0.2714387048652381,-4.816755038786164,0.0024973829939724194,2
