,w1,w2,mu,stdev,model
0,-0.8241081660297491,0.17589183397025093,-5.896489305195516,0.0017168476625582527,3
