,w1,w2,mu,stdev,model
0,-0.8209337574538985,0.1790662425461016,-5.860271155980957,0.001537402627243442,3
