,w1,w2,mu,stdev,model
0,-0.7371129557540765,0.2628870442459235,-4.9119526309658506,0.002466744729551204,3
