,w1,w2,mu,stdev,model
0,0.7667742464919518,-0.23322575350804825,5.243777127509326,0.002885930306332272,2
