,w1,w2,mu,stdev,model
0,-0.8280385986137643,0.17196140138623572,-5.940590172020702,0.0014307243649827924,3
