,w1,w2,mu,stdev,model
0,-0.5850641197642337,0.4149358802357664,-3.1889335755633286,0.002955226729219653,2
