,w1,w2,mu,stdev,model
0,-0.8265210048009795,0.17347899519902052,-5.923428684625489,0.0013738145597449389,3
