,w1,w2,mu,stdev,model
0,-0.7798929317058785,0.22010706829412158,-5.390411970780543,0.002895786169015304,2
