,w1,w2,mu,stdev,model
0,-0.7422455596210318,0.2577544403789683,-4.969427289200116,0.0024628536658407906,3
