,w1,w2,mu,stdev,model
0,-0.7473523843554475,0.25264761564455257,-5.033809227843825,0.0013531461216758267,2
