,w1,w2,mu,stdev,model
0,-0.7085228297649542,0.2914771702350459,-4.5925331686859865,0.002274541173058085,2
