,w1,w2,mu,stdev,model
0,-0.7251991156419487,0.27480088435805133,-4.778800677246816,0.0024809689061382157,2
