,w1,w2,mu,stdev,model
0,-0.8316212088258221,0.16837879117417792,-5.981124469916782,0.001428195880154643,3
