,w1,w2,mu,stdev,model
0,-0.726889056379702,0.273110943620298,-4.798018964002265,0.0025007551295091446,2
