,w1,w2,mu,stdev,model
0,-0.7910648362707636,0.20893516372923637,-5.515769831392358,0.003287191292343821,2
