,w1,w2,mu,stdev,model
0,-0.700635062007523,0.299364937992477,-4.504176043280778,0.002280093088494721,2
