,w1,w2,mu,stdev,model
0,-0.72598330380208,0.27401669619792013,-4.787949398235036,0.0024956196845446065,2
