,w1,w2,mu,stdev,model
0,0.9842677714598462,-0.01573222854015379,7.710324484964473,0.0015874890601228096,2
