,w1,w2,mu,stdev,model
0,-0.6882751949425252,0.31172480505747485,-4.366113908082297,0.002116650752727391,2
