,w1,w2,mu,stdev,model
0,0.9924484581572597,-0.00755154184274035,7.802992764907761,0.0015795607081200143,2
