,w1,w2,mu,stdev,model
0,-0.5864435135230323,0.4135564864769678,-3.221979789954247,0.001247184707186956,2
