,w1,w2,mu,stdev,model
0,-0.738762555972057,0.26123744402794297,-4.930200381596417,0.0024693973034425297,3
